ID,FirstName,LastName,Address,City,State,Zip
1,Gayleen,Wannes,11 Esker Terrace,Toledo,Ohio,43635
2,Eli,Ortmann,109 Nelson Circle,Reno,Nevada,89550
3,Merralee,Pagel,727 Lien Point,Cincinnati,Ohio,45249
4,Hester,Doelle,5 East Park,Kansas City,Missouri,64193
5,Ram,Josiah,9 Dakota Point,Birmingham,Alabama,35205
6,Burch,Parkyns,467 Toban Plaza,Toledo,Ohio,43605
7,Humphrey,Ickovic,2677 Red Cloud Way,Saint Petersburg,Florida,33710
8,Lauren,Demangel,101 Waywood Drive,Memphis,Tennessee,38114
9,Juliet,Kiddy,1 Upham Circle,Miami,Florida,33261
10,Rhea,Cuniffe,75 Mesta Court,Pittsburgh,Pennsylvania,15279
11,Zachariah,Gercke,836 Morningstar Way,Dallas,Texas,75323
12,Dodie,Pennycord,37 Porter Crossing,Cincinnati,Ohio,45208
13,Sorcha,McKinty,47781 Shopko Trail,New York City,New York,10115
14,Amity,Normanton,29753 Erie Point,Philadelphia,Pennsylvania,19093
15,Allegra,Tromans,0 Arapahoe Crossing,Nashville,Tennessee,37215
16,Perle,Madrell,3 Mayer Court,Richmond,Virginia,23225
17,Llewellyn,McGuckin,2926 Oxford Parkway,Shawnee Mission,Kansas,66225
18,Amabelle,Rosita,4198 Lakewood Gardens Avenue,Columbus,Ohio,43220
19,Darryl,Aldie,235 Meadow Vale Place,Miami,Florida,33164
20,Gipsy,Inglesent,19 Eggendart Terrace,San Diego,California,92191
21,Westleigh,Hatcher,96 Coolidge Place,Louisville,Kentucky,40256
22,Chancey,Lauder,525 Clyde Gallagher Park,San Diego,California,92110
23,Zebadiah,Legrice,8756 Lakewood Gardens Circle,Miami,Florida,33111
24,Regine,Beiderbecke,49 Linden Terrace,Atlanta,Georgia,30323
25,Lotty,Sibille,8 Stone Corner Pass,Colorado Springs,Colorado,80995
26,Torre,Humerstone,65660 Bobwhite Alley,Houston,Texas,77055
27,Auberon,Rozea,988 Schmedeman Trail,South Bend,Indiana,46620
28,Janos,Rodder,31397 Darwin Lane,Fresno,California,93750
29,Sergeant,Dahlman,42 Cordelia Way,Beaverton,Oregon,97075
30,Inger,Stainson,6568 Fisk Road,Falls Church,Virginia,22047
31,Etheline,Fleming,4 Harbort Pass,Santa Fe,New Mexico,87592
32,Arlette,Morad,510 Haas Alley,Tucson,Arizona,85737
33,Mick,Petraitis,8 Dorton Hill,Washington,District of Columbia,20051
34,Kettie,Probetts,713 Dryden Junction,Tulsa,Oklahoma,74103
35,Winna,Hazeldine,081 Springview Way,Washington,District of Columbia,20580
36,Glennie,Gascar,77 Washington Alley,Tacoma,Washington,98464
37,Jordon,Poundsford,358 Oak Trail,Pensacola,Florida,32590
38,Clint,Rivers,00 Mccormick Parkway,San Francisco,California,94110
39,Ester,Nizet,8351 Lillian Court,Boca Raton,Florida,33432
40,Lou,Ridgway,22741 Moulton Circle,Washington,District of Columbia,20397
41,Sargent,Dohmer,839 Rusk Center,Dulles,Virginia,20189
42,Connor,Sandels,2 Kennedy Terrace,Abilene,Texas,79605
43,Godart,Arnaudot,5 Schurz Road,Indianapolis,Indiana,46226
44,Hailey,Normansell,16 Sutteridge Lane,Reading,Pennsylvania,19605
45,Chauncey,Skittrall,24 Ruskin Alley,Bradenton,Florida,34210
46,Carmon,Spriggin,8 Shasta Lane,Reno,Nevada,89519
47,Mersey,Mitkcov,1 Kropf Hill,San Antonio,Texas,78265
48,Denys,Leate,4692 Laurel Parkway,Sacramento,California,94250
49,Baillie,Barnard,2306 Park Meadow Point,Albany,New York,12242
50,Jonas,Wreiford,69 Badeau Lane,Tacoma,Washington,98464
51,Reggi,Pankhurst.,3 4th Avenue,Houston,Texas,77223
52,Anthiathia,Hector,99 Lotheville Alley,Saint Paul,Minnesota,55166
53,Jermayne,Grim,0 Gulseth Crossing,Valdosta,Georgia,31605
54,Yorgo,Gledhill,07 Packers Plaza,Springfield,Illinois,62764
55,Pat,Bentall,7253 Thompson Park,Lancaster,Pennsylvania,17622
56,Pammi,Napper,7110 Elmside Court,Fairfax,Virginia,22036
57,Ferne,Giannini,8902 Crescent Oaks Center,Atlanta,Georgia,30356
58,Amata,Schellig,52 Merry Place,Littleton,Colorado,80126
59,Elnar,Heskin,51558 Fisk Pass,Baton Rouge,Louisiana,70815
60,Anette,Rennox,67053 North Parkway,Bridgeport,Connecticut,06673
61,Opal,Clamp,918 Lakewood Gardens Court,Louisville,Kentucky,40220
62,Booth,Bickardike,7232 Drewry Center,San Antonio,Texas,78205
63,Lulita,Govern,0566 Logan Point,Valdosta,Georgia,31605
64,Jasmin,MacGee,37399 Mayfield Hill,Fort Worth,Texas,76134
65,Leone,Puttock,3985 Glacier Hill Junction,Chicago,Illinois,60697
66,Corbin,Kilmister,438 Debra Court,Minneapolis,Minnesota,55441
67,Si,Acory,0 7th Way,Washington,District of Columbia,20005
68,Hillie,Bonnett,85 Gina Circle,New York City,New York,10014
69,Goddard,Lawden,0 Glacier Hill Plaza,San Francisco,California,94116
70,Kiele,Heales,16 South Crossing,Orlando,Florida,32859
71,Haskell,Beare,06 Hagan Avenue,Tallahassee,Florida,32309
72,Maitilde,Romaine,207 Toban Way,Salem,Oregon,97306
73,Mendy,Fermin,41 Sunbrook Street,Toledo,Ohio,43610
74,Dimitri,Bessell,72027 Clyde Gallagher Street,Saint Louis,Missouri,63110
75,Terrel,Vannuccini,10932 Red Cloud Way,Oklahoma City,Oklahoma,73152
76,Gertie,Mawdsley,94219 Saint Paul Pass,Palatine,Illinois,60078
77,Liz,Lincke,69 Pleasure Pass,Levittown,Pennsylvania,19058
78,Rebecka,O'Shesnan,70 Westend Hill,San Antonio,Texas,78210
79,Kyle,Westall,2 Hoffman Alley,South Bend,Indiana,46699
80,Felicia,Carnduff,62008 Tomscot Avenue,Green Bay,Wisconsin,54305
81,Inger,Blest,8326 Tennessee Park,Boise,Idaho,83705
82,Virgina,Kippin,836 Hermina Lane,Colorado Springs,Colorado,80915
83,Worden,Perrat,3455 Cardinal Place,Clearwater,Florida,34615
84,Gavrielle,Wiley,45513 5th Lane,Memphis,Tennessee,38114
85,Keen,Shivell,89 Del Mar Terrace,New York City,New York,10004
86,Freeman,Sket,5 Spaight Terrace,Washington,District of Columbia,20470
87,Humbert,Hortop,9 Bluejay Road,Mesa,Arizona,85215
88,Afton,Paulmann,1 Mayfield Circle,Charleston,South Carolina,29403
89,Nani,Andresser,7 Esch Lane,Grand Rapids,Michigan,49518
90,Eadmund,Schultz,29662 Lunder Street,Fresno,California,93740
91,Weston,Benardette,1092 Rigney Alley,Spartanburg,South Carolina,29305
92,Man,Kennler,02042 Calypso Terrace,Baltimore,Maryland,21282
93,Lukas,Wildbore,7934 Independence Lane,Saginaw,Michigan,48609
94,Peyton,Hanster,2064 Merchant Trail,Salt Lake City,Utah,84140
95,Chrissy,Nickoll,18059 Kensington Way,Jackson,Mississippi,39210
96,Kelley,Martinho,17 Knutson Terrace,Bridgeport,Connecticut,06606
97,Shoshana,Armatys,33495 Marquette Street,Chicago,Illinois,60619
98,Noak,Reburn,9 Washington Lane,Santa Cruz,California,95064
99,Jaye,Labram,844 8th Place,Winston Salem,North Carolina,27105
100,Thurston,Eggleston,29 Northview Street,Austin,Texas,78737
101,Romeo,Grimsdale,254 Victoria Drive,Boise,Idaho,83757
102,Nanice,Wolfart,425 Elmside Crossing,Pittsburgh,Pennsylvania,15215
103,Giuseppe,Canto,9 Birchwood Circle,Los Angeles,California,90094
104,Catlee,Guidoni,8 Kennedy Road,Englewood,Colorado,80150
105,Mead,Cawsby,3161 Marcy Terrace,Lubbock,Texas,79452
106,Allix,Pirolini,29 Grayhawk Alley,Charleston,South Carolina,29403
107,Bay,Bythell,86 Laurel Circle,Dayton,Ohio,45440
108,Janessa,Folds,9833 Claremont Way,Riverside,California,92505
109,Syman,Learoyd,2 Goodland Lane,Sioux Falls,South Dakota,57193
110,Robby,Dudin,3000 Green Ridge Alley,Tampa,Florida,33633
111,Lilli,Dressel,3171 Knutson Center,Cleveland,Ohio,44197
112,Lishe,Lewsie,7 Redwing Crossing,Roanoke,Virginia,24004
113,Adey,Siely,85 Burning Wood Trail,San Antonio,Texas,78285
114,Billy,Sorrell,50 South Terrace,Humble,Texas,77346
115,Rutter,Maykin,31 Kennedy Place,Portland,Maine,04109
116,Ashlen,Madeley,84 Moland Drive,Fayetteville,North Carolina,28305
117,Rheba,Pennicard,8237 Truax Street,Dallas,Texas,75226
118,Casper,Jenckes,221 Northview Center,Kansas City,Missouri,64149
119,Durant,Jorden,0783 Garrison Plaza,Tampa,Florida,33694
120,Dulciana,Nuccitelli,079 La Follette Point,Sarasota,Florida,34276
121,Caesar,Wythill,680 2nd Trail,Pensacola,Florida,32505
122,Julianna,Chase,2283 Eggendart Hill,Norfolk,Virginia,23551
123,Carolee,McGilvary,2131 Brickson Park Crossing,Richmond,Virginia,23213
124,Eunice,Mingard,38071 Arapahoe Park,Raleigh,North Carolina,27615
125,Quintus,Futter,32570 Summit Court,Corpus Christi,Texas,78410
126,Courtnay,Bentote,64556 Miller Drive,Baltimore,Maryland,21216
127,Janice,Rodenhurst,404 Sycamore Terrace,Anderson,South Carolina,29625
128,Eulalie,Prendiville,1981 Iowa Trail,San Diego,California,92165
129,Riki,Powers,491 Gerald Trail,Athens,Georgia,30605
130,Raymund,Downer,491 Bunker Hill Circle,Omaha,Nebraska,68105
131,Ichabod,Arderne,0 Sunbrook Court,Kansas City,Missouri,64199
132,Jessy,Langhorn,06 Bultman Street,Detroit,Michigan,48242
133,Bent,Smithies,5615 West Parkway,Levittown,Pennsylvania,19058
134,Lazar,Caughan,684 Ridgeview Terrace,Houston,Texas,77276
135,Farleigh,Zaniolo,73284 Nancy Way,Decatur,Georgia,30033
136,Kimble,Atling,4619 Carioca Circle,New Orleans,Louisiana,70149
137,Mata,Asling,62 Meadow Ridge Street,Orlando,Florida,32854
138,Torrance,Canizares,6 Cambridge Circle,Fort Worth,Texas,76129
139,Anica,Cumpsty,24462 Ronald Regan Court,New York City,New York,10184
140,Dolorita,Vassall,807 Thompson Crossing,Evanston,Illinois,60208
141,Jeramey,Tale,3943 Cody Pass,San Luis Obispo,California,93407
142,Salvidor,Denne,9228 Ilene Junction,Houston,Texas,77240
143,Taryn,M'cowis,90926 Maple Wood Center,Naples,Florida,33963
144,Giustino,Dod,93598 School Lane,Des Moines,Iowa,50981
145,Saraann,Dennidge,955 2nd Center,Sioux Falls,South Dakota,57105
146,Mata,Costa,51887 Monica Lane,Corpus Christi,Texas,78426
147,Margareta,Crallan,3355 Gina Drive,Oklahoma City,Oklahoma,73190
148,Elwira,Probert,09 Mallard Street,Washington,District of Columbia,20016
149,Jilleen,Megany,84181 Hintze Circle,Topeka,Kansas,66622
150,Fredric,Oiller,354 Gina Point,Portsmouth,New Hampshire,03804
151,Waiter,Theseira,50 Oneill Trail,New Haven,Connecticut,06538
152,Florencia,Holleran,5668 Summit Hill,Kansas City,Missouri,64153
153,Nicolina,Capeloff,89 Carberry Parkway,Cleveland,Ohio,44197
154,Dulcea,Cockshtt,30904 Prairie Rose Center,Metairie,Louisiana,70005
155,Roanna,Goadbie,217 Roxbury Road,Nashville,Tennessee,37240
156,Gearalt,Macveigh,128 Drewry Park,Atlanta,Georgia,30351
157,Malanie,Weddeburn,18 Monument Park,Panama City,Florida,32412
158,Ned,Ible,3629 Pennsylvania Trail,Young America,Minnesota,55573
159,Annis,Sapseed,75 Melody Terrace,Iowa City,Iowa,52245
160,Nappy,Heaselgrave,69656 Northview Road,Dayton,Ohio,45440
161,Martie,Roddie,84 Kensington Drive,Washington,District of Columbia,20397
162,Korrie,Pinchback,3 Arizona Plaza,Anchorage,Alaska,99599
163,Elisha,Lippiatt,5748 Barby Hill,Newport News,Virginia,23605
164,Antonina,Pimlott,07 Burning Wood Point,Toledo,Ohio,43615
165,Rurik,Peetermann,00 Express Circle,Denver,Colorado,80243
166,Hesther,MacVagh,02 Doe Crossing Way,Des Moines,Iowa,50393
167,Brenden,Dowyer,5 Stuart Junction,Naperville,Illinois,60567
168,Ashla,Dallewater,36984 Merchant Crossing,Mountain View,California,94042
169,Caddric,Hadleigh,15163 Warbler Place,Portland,Oregon,97232
170,Darwin,Pittoli,478 Cody Court,Lexington,Kentucky,40515
171,Emilia,Gunnell,25 Ryan Road,New York City,New York,10125
172,Ernesta,Sea,704 Brown Terrace,Washington,District of Columbia,20470
173,Matthiew,Mushet,50 Sherman Park,Erie,Pennsylvania,16550
174,Graham,Dowson,4 Morrow Place,Killeen,Texas,76544
175,Monti,Carter,0 Riverside Trail,Winston Salem,North Carolina,27157
176,Aldous,Cocksedge,9290 Bluestem Street,Des Moines,Iowa,50981
177,Perry,Reynard,129 Atwood Parkway,Wilkes Barre,Pennsylvania,18763
178,Lucia,Mallon,857 Twin Pines Center,Indianapolis,Indiana,46221
179,Wadsworth,Vardy,86195 Loeprich Trail,Denver,Colorado,80204
180,Reynolds,Chittleburgh,1 Atwood Road,Norfolk,Virginia,23520
181,Nelly,Marshallsay,67 Mallard Circle,Jamaica,New York,11470
182,Misti,Worrell,56 Mariners Cove Road,Pensacola,Florida,32590
183,Stacy,Goalley,56 Quincy Street,Hayward,California,94544
184,Jyoti,Latek,53 Main Circle,Savannah,Georgia,31422
185,Garrot,Burrus,48 Dapin Lane,Saint Louis,Missouri,63126
186,Joli,Leall,86 Lerdahl Court,Milwaukee,Wisconsin,53234
187,Letti,Nassi,174 Caliangt Junction,Nashville,Tennessee,37228
188,Teddy,Odgers,8564 Cascade Junction,Atlanta,Georgia,30375
189,Lynett,Creeber,3 Valley Edge Center,Pensacola,Florida,32595
190,Spike,Sire,750 Independence Park,Columbia,South Carolina,29220
191,Ely,Fairholme,121 Cascade Terrace,Cincinnati,Ohio,45296
192,Orly,Pahlsson,390 Esch Street,Springfield,Massachusetts,01152
193,Babbie,Glentworth,9 Crowley Street,Clearwater,Florida,33758
194,Ludovico,Barczewski,6374 Mayer Alley,Syracuse,New York,13217
195,Trenna,Canon,8 Transport Junction,Memphis,Tennessee,38136
196,Lorens,Revie,2 Division Lane,San Diego,California,92176
197,Natka,Undrill,9130 Lukken Point,Des Moines,Iowa,50369
198,Gabie,Shortland,6303 Schiller Crossing,Des Moines,Iowa,50315
199,Lilly,Greg,4812 Talisman Plaza,Whittier,California,90610
200,Faustina,Musker,7587 Scoville Way,Jacksonville,Florida,32244
201,Douglass,Medlicott,80911 Green Lane,Alhambra,California,91841
202,Celine,Greaterex,72526 Fremont Pass,Phoenix,Arizona,85010
203,Nataniel,Jakoviljevic,037 Fisk Street,Wilkes Barre,Pennsylvania,18768
204,Durand,Morit,3 Oak Valley Way,Tulsa,Oklahoma,74103
205,Raine,Skeggs,37821 Magdeline Pass,Oklahoma City,Oklahoma,73109
206,Gabrielle,Caldicot,81609 Debra Pass,Rochester,New York,14683
207,Bobbie,Rupke,46094 Bunting Park,London,Kentucky,40745
208,Zelig,Dmiterko,426 Banding Parkway,Portland,Oregon,97229
209,Prinz,O'Cannovane,84 Bowman Terrace,Bridgeport,Connecticut,06606
210,Mariam,Forre,65111 Ridgeway Circle,Atlanta,Georgia,30356
211,Sheri,Penna,72 Mcguire Court,San Antonio,Texas,78235
212,Inger,Garnsworth,3462 3rd Road,New Haven,Connecticut,06510
213,Lane,Meaney,2692 Pennsylvania Lane,Washington,District of Columbia,20397
214,Terrel,Blade,140 Armistice Lane,Burbank,California,91520
215,Brunhilda,Pearson,03 Express Hill,Milwaukee,Wisconsin,53205
216,Cary,Edlyn,1710 Prairieview Circle,Dallas,Texas,75231
217,Vere,MacDonnell,8 Columbus Lane,Galveston,Texas,77554
218,Sammie,Cattel,6830 Burrows Circle,Tacoma,Washington,98405
219,Myer,McCafferky,07 Anniversary Circle,New York City,New York,10029
220,Mellie,Cozins,93575 Gulseth Plaza,Billings,Montana,59105
221,Bendix,Stitfall,0100 Southridge Hill,New York City,New York,10292
222,Benedicta,Pead,17745 Butternut Road,Tampa,Florida,33661
223,Melany,Bruyntjes,0 Judy Junction,Rockford,Illinois,61105
224,Anthia,Hellwich,5623 Ohio Junction,Greenville,South Carolina,29610
225,Katrina,Bridgewood,1 Briar Crest Parkway,Naples,Florida,33963
226,Leandra,Syddon,7656 Lotheville Street,Richmond,California,94807
227,Joell,Dumberrill,07 Lake View Parkway,Houston,Texas,77050
228,Aubrie,Witham,0127 Forest Run Hill,Kansas City,Missouri,64114
229,Lorain,Thonger,5441 Bluestem Avenue,Richmond,Virginia,23289
230,Aurilia,Thumim,6 Coleman Street,Mesa,Arizona,85205
231,Wilmar,Lalor,421 Sheridan Plaza,Newark,Delaware,19725
232,Tadeas,Pogue,76 Nancy Center,Bowie,Maryland,20719
233,Eben,Armstrong,13578 Merrick Crossing,Chicago,Illinois,60641
234,Paulita,Korf,79 Sachs Road,Salem,Oregon,97312
235,Fionnula,Pannett,39 Summer Ridge Hill,New York City,New York,10099
236,Vanessa,Breslauer,5697 Hooker Lane,Houston,Texas,77085
237,Jeramie,Brouncker,6 Nobel Court,Boca Raton,Florida,33487
238,Lazaro,Caughey,40366 Kropf Place,Fort Lauderdale,Florida,33325
239,Dorolice,Kardos,33 Fordem Pass,Hartford,Connecticut,06140
240,Janaya,Gillino,3 Duke Circle,Salinas,California,93907
241,Edith,Drivers,21 Dottie Hill,Aurora,Illinois,60505
242,Ann,Lineen,2 Blackbird Drive,Indianapolis,Indiana,46266
243,Reagan,O'Cahey,016 Grasskamp Pass,New York City,New York,10120
244,Ralina,Loch,7140 Summer Ridge Street,Philadelphia,Pennsylvania,19151
245,Frannie,Smallcomb,83180 Mariners Cove Avenue,Saint Paul,Minnesota,55172
246,Brooke,Sharples,8845 Kingsford Junction,San Diego,California,92145
247,Shandeigh,Dunne,8445 Vidon Street,Miami,Florida,33147
248,Cad,Jardin,1 Red Cloud Parkway,Virginia Beach,Virginia,23471
249,Langston,Glennard,9772 Declaration Plaza,Wichita Falls,Texas,76310
250,Clara,Albin,719 Hintze Street,Young America,Minnesota,55573
251,Blondy,Rubinsztein,7 Kipling Place,Elmira,New York,14905
252,Merilee,Magor,0386 Hauk Avenue,El Paso,Texas,88563
253,Susie,Tawse,73246 Rieder Road,Springfield,Ohio,45505
254,Rodney,Millmore,6 Springs Court,Denver,Colorado,80243
255,Allsun,Beney,692 Boyd Center,Washington,District of Columbia,20508
256,Collete,Earney,631 Messerschmidt Trail,Tempe,Arizona,85284
257,Alf,Burney,22962 Hoffman Terrace,Boynton Beach,Florida,33436
258,Boy,Davydychev,96501 Toban Pass,San Rafael,California,94913
259,Cointon,Ashfold,797 Mosinee Parkway,Lees Summit,Missouri,64082
260,Sula,Swinney,03 Norway Maple Junction,Salt Lake City,Utah,84170
261,Hedda,Cadagan,42954 Lien Center,Tampa,Florida,33620
262,Percy,Bodicum,25021 Graedel Pass,Killeen,Texas,76544
263,Sol,Bouskill,94 Oxford Plaza,El Paso,Texas,79923
264,Percival,Simenot,3 Susan Street,Houston,Texas,77212
265,Ange,Noli,4 Sunfield Trail,Baltimore,Maryland,21290
266,Garwin,Enric,853 Crescent Oaks Circle,Kansas City,Missouri,64136
267,Terza,Nutting,8773 Fieldstone Pass,Anaheim,California,92805
268,Deane,Siebert,64198 Myrtle Terrace,Paterson,New Jersey,07522
269,Elvina,Villiers,91 Reinke Trail,Detroit,Michigan,48206
270,Doroteya,Guitte,4 Birchwood Plaza,New Orleans,Louisiana,70174
271,Fannie,Breagan,260 Twin Pines Street,Norfolk,Virginia,23509
272,Neel,Conachy,11393 Jay Center,Lubbock,Texas,79452
273,Drugi,Gutowska,000 Marcy Plaza,Kansas City,Missouri,64149
274,Sari,Ivanikhin,26525 Dahle Terrace,San Antonio,Texas,78285
275,Eloisa,Rebanks,8928 Calypso Court,Olympia,Washington,98506
276,Karlie,Layton,3 Oxford Lane,Atlanta,Georgia,30375
277,Gertrudis,Loynes,0 Clove Street,Sacramento,California,94230
278,Elbert,Hacquard,24890 Farmco Court,Detroit,Michigan,48224
279,Peirce,Ockwell,560 Stoughton Court,Oklahoma City,Oklahoma,73179
280,Shawnee,MacEntee,9 Pepper Wood Circle,Woburn,Massachusetts,01813
281,Louise,Cullnean,528 East Park,Syracuse,New York,13205
282,Koren,Atkins,8475 Dapin Terrace,New York City,New York,10165
283,Shanta,Bushen,050 Farmco Parkway,Florence,South Carolina,29505
284,Juliane,Heighton,3760 Loeprich Court,Savannah,Georgia,31410
285,Charleen,Chorlton,22 Darwin Crossing,Decatur,Georgia,30089
286,Patricia,Summersby,1709 Cambridge Place,Pittsburgh,Pennsylvania,15230
287,Evyn,McTrustram,38928 Evergreen Lane,Saint Petersburg,Florida,33710
288,Celle,Richarson,2 Stang Way,Oklahoma City,Oklahoma,73167
289,Urban,Jiranek,9 Arrowood Lane,Punta Gorda,Florida,33982
290,Ivar,Simpson,6 Gerald Crossing,Newark,Delaware,19714
291,Arnold,Gages,701 Merry Alley,Portland,Oregon,97211
292,Ara,Stubs,7300 Luster Parkway,Fort Lauderdale,Florida,33310
293,Jaquenette,Van den Dael,7 Hagan Trail,Concord,California,94522
294,Gates,McGeraghty,1 Utah Lane,North Little Rock,Arkansas,72118
295,Hewie,Fordham,5882 Arizona Drive,Winter Haven,Florida,33884
296,Parsifal,Fursey,2 Wayridge Lane,Baltimore,Maryland,21275
297,Moreen,Blankau,3 Mallory Drive,Sacramento,California,95818
298,Gilles,Yaknov,69 Glacier Hill Street,Dallas,Texas,75216
299,Roxanna,Staden,53 Little Fleur Way,Jackson,Mississippi,39236
300,Walton,Leivesley,6986 Shelley Avenue,Atlanta,Georgia,30323
301,Doro,Verduin,50649 Melrose Road,Milwaukee,Wisconsin,53263
302,Bren,Poulter,9 Wayridge Parkway,Newton,Massachusetts,02162
303,Aleta,Bland,7 Swallow Street,Albany,Georgia,31704
304,Barn,Graddell,95441 Cordelia Place,Knoxville,Tennessee,37924
305,Chad,Oats,823 Manitowish Lane,Jackson,Mississippi,39210
306,Paulita,Pocklington,52 Sutteridge Pass,Houston,Texas,77260
307,Shanta,Huskinson,43021 Harper Avenue,Omaha,Nebraska,68179
308,Cull,Cinavas,66 Twin Pines Parkway,Topeka,Kansas,66622
309,Udall,Stockport,99824 Northridge Avenue,Anchorage,Alaska,99517
310,Baird,Gumbley,929 Cherokee Pass,Jacksonville,Florida,32255
311,Hildy,Carsberg,2723 School Pass,Cleveland,Ohio,44191
312,Humfried,Gregson,97 Jackson Plaza,Seminole,Florida,34642
313,Janos,Blakely,13 Summerview Avenue,Harrisburg,Pennsylvania,17126
314,Lynnett,Mercer,875 Bay Trail,Cape Coral,Florida,33915
315,Tommie,Hudless,4703 Old Shore Plaza,Hialeah,Florida,33013
316,Letti,Cream,58088 Main Junction,Washington,District of Columbia,20397
317,Nana,Stonuary,5 Magdeline Plaza,Seattle,Washington,98104
318,Arlyne,Joron,98053 Bayside Pass,New York City,New York,10090
319,Tabby,McPhee,0 Fremont Terrace,Chicago,Illinois,60686
320,Jeromy,Stooke,650 Ilene Way,Alexandria,Virginia,22301
321,Dav,Collett,4 Hazelcrest Trail,Akron,Ohio,44310
322,Bailey,Saintsbury,12 South Terrace,Fresno,California,93721
323,Jarvis,Isted,428 Sutherland Circle,Dallas,Texas,75251
324,Melvyn,Tuckey,24064 Anderson Avenue,Seattle,Washington,98115
325,Jordanna,Liddel,9 Golden Leaf Avenue,Washington,District of Columbia,20557
326,Fan,Siege,5532 Hovde Way,Cincinnati,Ohio,45296
327,Vinny,Barkhouse,11683 Scofield Court,Louisville,Kentucky,40215
328,Arlyn,Kendle,041 Oneill Junction,Portland,Oregon,97296
329,Roley,Pohls,94815 Saint Paul Crossing,Moreno Valley,California,92555
330,Odessa,Backler,938 Rowland Place,Falls Church,Virginia,22047
331,Wayland,Bedenham,26 Schlimgen Street,Lexington,Kentucky,40581
332,Alene,Sille,2014 Mifflin Junction,Iowa City,Iowa,52245
333,Grier,Christer,91 Knutson Terrace,Birmingham,Alabama,35263
334,Zolly,Braxay,5 Marcy Trail,Great Neck,New York,11024
335,Creigh,Fullalove,2 Stephen Circle,Pueblo,Colorado,81015
336,Alida,Tuck,1888 Pennsylvania Place,Concord,California,94522
337,Jackson,Ledwich,4 Dunning Street,Raleigh,North Carolina,27621
338,Immanuel,Seldner,80 Linden Center,Des Moines,Iowa,50310
339,Barnard,McLaughlan,1705 Cambridge Terrace,Cincinnati,Ohio,45243
340,Karly,Rhydderch,37 Spenser Avenue,Washington,District of Columbia,20078
341,Diarmid,Codron,602 Eagan Park,Colorado Springs,Colorado,80925
342,Leigh,Revance,998 Warbler Drive,Denver,Colorado,80243
343,Annalee,Vawton,15923 Judy Court,Wichita,Kansas,67230
344,Burlie,Brockhurst,4 Susan Court,Miami,Florida,33185
345,Sidnee,Huggens,379 Atwood Alley,Kansas City,Missouri,64193
346,Leila,Laxe,109 Mayer Parkway,Savannah,Georgia,31416
347,Gleda,Vashchenko,40408 Stuart Plaza,Washington,District of Columbia,20041
348,Nananne,Jury,4245 Portage Place,Clearwater,Florida,34629
349,Billye,Chandler,24478 Monument Drive,Sacramento,California,95852
350,Rock,Duffy,3054 Muir Hill,Waterbury,Connecticut,06726
351,Carrol,Harcus,578 Sauthoff Way,Cincinnati,Ohio,45228
352,Payton,Snawdon,24749 Sutteridge Court,Tacoma,Washington,98424
353,Lesya,Tweedy,0432 Riverside Plaza,Saint Cloud,Minnesota,56372
354,Erasmus,Streader,8 Autumn Leaf Center,Montgomery,Alabama,36119
355,Wallie,Bennedsen,908 Bultman Pass,Jefferson City,Missouri,65105
356,Enrique,Ciabatteri,596 South Hill,Erie,Pennsylvania,16550
357,Torre,Goburn,6 Cordelia Plaza,Richmond,Virginia,23220
358,Kerrill,Ponsford,25 Huxley Circle,Tulsa,Oklahoma,74149
359,Edeline,Ethelstone,807 School Parkway,Washington,District of Columbia,20041
360,Ginny,Oakey,2893 Westend Drive,Littleton,Colorado,80126
361,Cacilie,Terrett,82 Messerschmidt Avenue,El Paso,Texas,88519
362,Quent,Dunstall,753 Anthes Terrace,Tampa,Florida,33647
363,Reyna,Kennaway,3 Michigan Alley,Spartanburg,South Carolina,29319
364,Therese,Maciocia,54 Forest Run Lane,Indianapolis,Indiana,46207
365,Si,Smout,0 Sherman Circle,New York City,New York,10260
366,Taylor,Crossgrove,3 Kenwood Crossing,Hartford,Connecticut,06140
367,Dale,Corradi,56 Mayfield Drive,Norwalk,Connecticut,06854
368,Bastian,Linch,09 Westerfield Hill,Dayton,Ohio,45454
369,Randie,Blackston,458 Saint Paul Pass,Des Moines,Iowa,50315
370,Katalin,Handasyde,3 Prairieview Terrace,Ventura,California,93005
371,Stafford,Kelso,4660 Sauthoff Street,Nashville,Tennessee,37245
372,Emmalynne,Rafferty,688 Nova Way,Amarillo,Texas,79159
373,Brandi,Dagger,1632 Division Crossing,Muncie,Indiana,47306
374,Law,Blacklock,58284 Nova Circle,Hot Springs National Park,Arkansas,71914
375,Caresa,Ashwell,6 Reindahl Trail,Orlando,Florida,32808
376,Krista,Menhenitt,0 School Avenue,Albany,New York,12262
377,Janna,Carncross,1 Artisan Point,Salt Lake City,Utah,84135
378,Weidar,Keniwell,65 Parkside Parkway,Birmingham,Alabama,35220
379,Belvia,Cossins,11 Fisk Park,Shawnee Mission,Kansas,66220
380,Thebault,Adamowicz,1235 International Junction,Racine,Wisconsin,53405
381,Tallia,Guierre,23922 Fisk Crossing,Kansas City,Missouri,64153
382,Devlin,Benne,27768 Red Cloud Center,San Diego,California,92105
383,Albert,Lisimore,6 Warrior Place,Rochester,New York,14639
384,Meridith,Beteriss,651 Reindahl Drive,Lafayette,Louisiana,70593
385,Beilul,Umbert,5 Carberry Way,Philadelphia,Pennsylvania,19191
386,Sandy,Jobke,1 Lakewood Trail,Tucson,Arizona,85743
387,Christoforo,Whanstall,6 Bartelt Point,Amarillo,Texas,79165
388,Gizela,Gladbeck,7 Anhalt Place,Roanoke,Virginia,24034
389,Spenser,Hudless,528 Del Mar Crossing,Des Moines,Iowa,50393
390,Kayne,Laven,1 Swallow Parkway,North Las Vegas,Nevada,89036
391,Daniella,Lutsch,6264 Luster Alley,Portland,Oregon,97221
392,Ketti,Schwaiger,106 Mitchell Avenue,Madison,Wisconsin,53716
393,Tomasina,Leethem,0 Pond Alley,Louisville,Kentucky,40205
394,Estele,Tame,071 Burning Wood Crossing,Louisville,Kentucky,40210
395,Avivah,Yakutin,15893 Pearson Point,Van Nuys,California,91406
396,Randene,Oscroft,68 Park Meadow Hill,Newark,New Jersey,07195
397,Benny,Betser,8 Tomscot Road,Winter Haven,Florida,33884
398,Conchita,Pulster,684 Bowman Junction,Clearwater,Florida,33758
399,Ali,Dirr,568 Carey Junction,Salt Lake City,Utah,84125
400,Brigitta,Dulwitch,38 Grim Terrace,Irvine,California,92717
401,Evelyn,Hancox,84 Ohio Crossing,West Hartford,Connecticut,06127
402,Myrtia,Sparrow,18 Orin Center,Fairbanks,Alaska,99790
403,Elmore,Doohey,319 Saint Paul Circle,Fairbanks,Alaska,99790
404,Jarid,Groarty,7851 Lotheville Alley,Washington,District of Columbia,20599
405,Magdalene,Jerke,8 Holy Cross Road,Oakland,California,94616
406,Trudi,Beyer,35332 American Ash Court,Kansas City,Missouri,64160
407,Cam,Beddows,30526 Dorton Parkway,Decatur,Georgia,30089
408,Ainslee,Daspar,891 Dunning Plaza,Texarkana,Texas,75507
409,Micki,Crawford,9 Huxley Center,Seattle,Washington,98185
410,Alisha,Zouch,217 Golf Course Point,Fresno,California,93773
411,Felicle,Corner,04895 Hovde Road,Birmingham,Alabama,35279
412,Mike,Bowser,557 Elka Junction,New York City,New York,10079
413,Nessy,Awmack,5140 Elka Parkway,Reno,Nevada,89550
414,Aubert,Shea,1691 John Wall Terrace,Kansas City,Missouri,64199
415,Monica,Slocket,1 Monument Trail,Portland,Oregon,97211
416,Rutledge,Othick,93 Stoughton Point,San Jose,California,95173
417,Arlinda,Rosenstock,6672 Scofield Crossing,Santa Rosa,California,95405
418,Alaine,Daens,71919 Forest Dale Place,Amarillo,Texas,79176
419,Fern,Batterbee,692 Northridge Terrace,Bowie,Maryland,20719
420,Kailey,Soda,36262 Waubesa Park,Hagerstown,Maryland,21747
421,Shaine,Pleuman,352 Village Green Trail,Buffalo,New York,14269
422,Marabel,Meni,0761 Sutteridge Hill,Dallas,Texas,75216
423,Leicester,Barnwill,523 Kinsman Plaza,Lexington,Kentucky,40515
424,Nev,Faithfull,12 Scoville Trail,Nashville,Tennessee,37205
425,Kalle,Matityahu,9 Merrick Trail,Huntsville,Alabama,35895
426,York,Plail,153 Debra Drive,San Jose,California,95123
427,Vida,Kull,76 Butterfield Crossing,Dallas,Texas,75226
428,Evelin,Royce,9084 Golf View Trail,New Orleans,Louisiana,70154
429,Donia,Shurrocks,3467 Stang Parkway,Seattle,Washington,98166
430,Major,Meates,8 Marquette Alley,Indianapolis,Indiana,46247
431,Stanly,Rupert,76317 Eagle Crest Plaza,Pocatello,Idaho,83206
432,Dorey,Spatig,42 Fairview Junction,Colorado Springs,Colorado,80915
433,Margot,Simants,24514 Starling Terrace,Cincinnati,Ohio,45233
434,Ugo,Beany,545 Leroy Trail,Bronx,New York,10464
435,Aharon,Loveman,1 Goodland Court,North Las Vegas,Nevada,89036
436,Clementia,Trigwell,04 Veith Pass,Newton,Massachusetts,02162
437,Inga,Butterworth,23 Ridgeway Center,Honolulu,Hawaii,96820
438,Windy,Fried,232 Longview Plaza,Sacramento,California,94230
439,Lelia,Bradden,31210 Browning Street,Wilmington,Delaware,19805
440,Barbabra,Kwiek,81764 Sunnyside Avenue,Seattle,Washington,98140
441,Andromache,Palfrie,0 Eastwood Point,Denton,Texas,76210
442,Brandise,Roddie,4 Kennedy Way,Indianapolis,Indiana,46216
443,Isabelita,Rosas,2817 Burning Wood Plaza,Maple Plain,Minnesota,55572
444,Miranda,Cudworth,66 Butterfield Park,Kansas City,Kansas,66105
445,Terrance,Knolles-Green,0 Schurz Road,Buffalo,New York,14233
446,Barnie,Blooman,45 Westerfield Park,Albany,New York,12247
447,Ynez,Leuren,880 Paget Road,Tuscaloosa,Alabama,35487
448,Roseanne,Smithin,1 Northfield Alley,Port Charlotte,Florida,33954
449,Claire,Traill,18 Vahlen Pass,San Jose,California,95133
450,Willis,Bassindale,0873 Anzinger Hill,Silver Spring,Maryland,20904
451,Lily,Rossbrook,91 Colorado Drive,Peoria,Arizona,85383
452,Justin,Assaf,8720 Stone Corner Way,Austin,Texas,78789
453,Haroun,Honeywood,5733 Heffernan Alley,Jacksonville,Florida,32204
454,Dehlia,Haimes,2707 Farmco Junction,South Lake Tahoe,California,96154
455,Shanna,Hyde-Chambers,29 Towne Junction,Spokane,Washington,99252
456,Kasper,Winchcomb,307 Lunder Avenue,Houston,Texas,77266
457,Joaquin,Eastbury,3967 Florence Point,Warren,Ohio,44485
458,Clemens,McGeachey,8 Welch Junction,Long Beach,California,90805
459,Craggy,Ducarne,01 Drewry Court,Fort Worth,Texas,76105
460,Modesta,Westmore,0 Kensington Terrace,Arlington,Texas,76096
461,Maddalena,Sorrie,69972 Elgar Point,Berkeley,California,94712
462,Hyatt,Davidek,52375 Gerald Junction,Springfield,Missouri,65810
463,Alanah,Udie,96 Nelson Point,Spokane,Washington,99220
464,Quinlan,Manderson,28 Kenwood Drive,Macon,Georgia,31210
465,Vinny,Glasspool,4457 Northwestern Point,Jackson,Mississippi,39204
466,Fidelio,Ivashnikov,30577 Havey Alley,Houston,Texas,77065
467,Audi,Brooksbank,49 Arrowood Road,Reading,Pennsylvania,19605
468,Rochette,Gillcrist,7 Pine View Place,Birmingham,Alabama,35236
469,Ralph,Bratten,529 Birchwood Parkway,Salinas,California,93907
470,Jorge,Ferreli,0 Scofield Court,Omaha,Nebraska,68134
471,Mufi,Boame,11 Northland Court,Jersey City,New Jersey,07305
472,Prudi,Cartwright,3 Waywood Center,Bronx,New York,10454
473,Eugen,Hoys,993 Northview Hill,Atlanta,Georgia,30301
474,Abigail,Nowakowska,996 Harper Trail,Charleston,West Virginia,25321
475,Englebert,Cutriss,396 Atwood Circle,Miami,Florida,33158
476,Hy,Ricciardello,33 Clemons Trail,Louisville,Kentucky,40266
477,Rodina,O'Neal,27508 Drewry Terrace,Huntsville,Alabama,35815
478,Kaja,Creebo,40604 Vera Lane,Fresno,California,93709
479,Mattie,Crisall,5 Londonderry Way,Lafayette,Louisiana,70593
480,Ethelin,Chumley,4705 Eastlawn Parkway,Lexington,Kentucky,40596
481,Barny,Scotts,4 Barnett Pass,Gilbert,Arizona,85297
482,Aristotle,Been,97791 Lien Street,Gaithersburg,Maryland,20883
483,Anneliese,Taillard,5293 Loomis Circle,Lubbock,Texas,79491
484,Freddie,Le Jean,95543 Bayside Park,Boston,Massachusetts,02208
485,Lee,Demangel,56 Muir Street,Lansing,Michigan,48919
486,Derek,Thompstone,54096 Welch Court,Jacksonville,Florida,32204
487,Rivy,Duns,02 Farwell Junction,Houston,Texas,77085
488,Phyllis,Morrant,9983 Main Way,Indianapolis,Indiana,46266
489,Tait,Tyler,82 Stang Terrace,Lexington,Kentucky,40586
490,Corie,Cleveley,1 Heffernan Lane,Everett,Washington,98206
491,Melony,Conlon,5126 Sherman Pass,Los Angeles,California,90076
492,Jakie,Hanscome,92614 Moland Junction,Philadelphia,Pennsylvania,19120
493,Bogey,Dyble,5161 Ronald Regan Alley,Tyler,Texas,75705
494,Vasili,Pettegre,23284 Maryland Circle,Roanoke,Virginia,24009
495,Matthus,Hunnywell,049 Larry Drive,San Jose,California,95194
496,Humphrey,Kellert,9141 Red Cloud Drive,Lawrenceville,Georgia,30045
497,Nanine,Branwhite,46152 Old Gate Road,Fresno,California,93740
498,Boone,Geraldini,7 Park Meadow Alley,Worcester,Massachusetts,01654
499,Penni,Caswall,76100 Upham Park,Ocala,Florida,34474
500,Hobard,Pickless,289 Oak Pass,Baton Rouge,Louisiana,70815
501,Garner,Spendley,393 Bay Center,Athens,Georgia,30605
502,Gwennie,Yitzovicz,7 Caliangt Avenue,Monticello,Minnesota,55565
503,Abeu,Tett,33 Comanche Center,Orlando,Florida,32813
504,Dorothea,Corrington,2 Fairfield Avenue,Trenton,New Jersey,08650
505,Delcina,Schelle,3 Meadow Vale Point,Dallas,Texas,75251
506,Lilly,Challice,98 Sunnyside Parkway,Chula Vista,California,91913
507,Ty,Lappine,75 Golden Leaf Point,Springfield,Ohio,45505
508,Trevor,Dumphrey,89124 Grasskamp Court,Washington,District of Columbia,20580
509,Lanni,Hargitt,63 Butternut Point,Boise,Idaho,83716
510,Lizzy,Vasnev,161 Corscot Center,New York City,New York,10105
511,Sam,Buckwell,511 Crescent Oaks Park,Naples,Florida,34114
512,Pietrek,Pendered,94 Hansons Road,Buffalo,New York,14263
513,Tiler,Yapp,938 Holy Cross Center,Kalamazoo,Michigan,49048
514,Noach,Georgeson,47205 Mitchell Street,Grand Forks,North Dakota,58207
515,Ryann,Jedrzaszkiewicz,56060 Prentice Circle,Colorado Springs,Colorado,80945
516,Richard,Maciunas,75715 Farragut Park,Philadelphia,Pennsylvania,19136
517,Cordie,Oneile,1845 Toban Road,Washington,District of Columbia,20073
518,Hester,Denisyuk,226 Crescent Oaks Hill,Columbus,Georgia,31914
519,Raymund,Assender,55531 Autumn Leaf Circle,Tulsa,Oklahoma,74170
520,Waring,Guillart,89198 Colorado Drive,Oklahoma City,Oklahoma,73119
521,Pincus,Domanski,3 Morningstar Place,Utica,New York,13505
522,Neron,Andell,21 Westport Avenue,Columbus,Ohio,43220
523,Nerti,Dmitr,37 Graceland Place,Arlington,Virginia,22225
524,Lari,Mulholland,78 Lighthouse Bay Trail,Orlando,Florida,32868
525,Aldridge,Vlasyuk,896 Lawn Circle,Lakeland,Florida,33811
526,Randolph,Dring,186 Starling Plaza,West Palm Beach,Florida,33421
527,Maggee,Calverd,76 Sommers Circle,San Jose,California,95173
528,Berke,Grinaway,1182 Stoughton Trail,Charlotte,North Carolina,28256
529,Hedy,Colly,1209 Warbler Street,Arlington,Texas,76016
530,Ora,Colleford,37993 Barnett Circle,Tempe,Arizona,85284
531,Gaston,Burnep,7 Miller Pass,Salt Lake City,Utah,84105
532,Gigi,Mushet,3 Kropf Circle,Sarasota,Florida,34238
533,Amalee,MacClenan,3566 Graceland Road,Cincinnati,Ohio,45218
534,Kelcie,Janney,51 Northport Parkway,Sioux Falls,South Dakota,57198
535,Dana,Laise,4501 Heath Point,Winston Salem,North Carolina,27150
536,Tallie,Legat,99453 Laurel Plaza,Raleigh,North Carolina,27635
537,Fallon,Rzehor,190 Prentice Point,Mesa,Arizona,85210
538,Renell,Bunkle,42751 Rutledge Lane,Boynton Beach,Florida,33436
539,Ginnifer,Wais,11 Golf View Alley,Indianapolis,Indiana,46254
540,Ilka,Raiman,1 Ohio Road,Nashville,Tennessee,37215
541,Willy,Pagden,8 Sunfield Center,Norman,Oklahoma,73071
542,Stacie,Hawkeswood,30 Dayton Way,Moreno Valley,California,92555
543,Arin,Manvell,123 Hansons Junction,Albany,New York,12232
544,Tera,Caldicot,38 Riverside Court,Detroit,Michigan,48232
545,Allyn,Botfield,1 Crescent Oaks Point,Boynton Beach,Florida,33436
546,Ax,Roels,175 3rd Plaza,Wichita,Kansas,67236
547,Bentley,Leak,0 Montana Crossing,Las Vegas,Nevada,89125
548,Oby,Huntingdon,229 Fuller Terrace,Albany,New York,12222
549,Melvyn,Okenden,1 Basil Crossing,Mount Vernon,New York,10557
550,Reeba,Laughrey,16 Marcy Alley,Knoxville,Tennessee,37931
551,Bernadene,Lovelace,6326 Mariners Cove Parkway,Corpus Christi,Texas,78426
552,Elisabetta,Prahl,154 Tony Junction,Arlington,Virginia,22225
553,Prudi,Gebhard,98 Kensington Lane,New York City,New York,10110
554,Arabel,O'Mullally,6 Dapin Drive,San Francisco,California,94110
555,Hildy,Tighe,90 Service Court,Springfield,Illinois,62756
556,Normy,Carff,10960 Bluestem Way,Nashville,Tennessee,37215
557,Cordula,Zienkiewicz,5 Cascade Drive,Florence,South Carolina,29505
558,Tamas,Shackleford,21 Amoth Park,Albany,New York,12237
559,Evelyn,Withrop,3 5th Way,Memphis,Tennessee,38161
560,Cody,Weippert,2779 Waxwing Drive,Seattle,Washington,98185
561,Ruth,Halfacre,0 Manitowish Pass,Abilene,Texas,79605
562,Amandy,Titchen,9736 Express Road,Berkeley,California,94712
563,Mathilda,Ornelas,1578 Briar Crest Center,Cincinnati,Ohio,45228
564,Ted,Toffolo,8 North Point,Miami,Florida,33233
565,Horatius,Pochin,2150 Granby Circle,Des Moines,Iowa,50347
566,Lisabeth,Haward,338 Grayhawk Center,San Antonio,Texas,78291
567,Talyah,Rubens,4854 7th Hill,Montgomery,Alabama,36177
568,Faydra,Burcher,08 Delladonna Point,Oklahoma City,Oklahoma,73114
569,Tyne,Spaunton,7469 Mallard Court,Syracuse,New York,13205
570,Roman,McTavy,82 Barnett Road,Evansville,Indiana,47725
571,Ellis,O'Doireidh,947 Swallow Drive,Washington,District of Columbia,20215
572,Shea,Belverstone,824 Little Fleur Way,Philadelphia,Pennsylvania,19146
573,Tess,Leather,16724 Bunting Place,Minneapolis,Minnesota,55412
574,Rab,Snaddin,4592 Linden Plaza,Washington,District of Columbia,20580
575,Tommy,Schowenburg,0 Vernon Circle,Roanoke,Virginia,24040
576,Ermina,Mowles,318 Main Avenue,Minneapolis,Minnesota,55446
577,Irma,Dolby,4 Dawn Avenue,North Las Vegas,Nevada,89087
578,Cleo,Duckerin,9 Fulton Lane,Washington,District of Columbia,20005
579,Colleen,Haddacks,9014 Steensland Way,Tacoma,Washington,98424
580,Finn,Richfield,7 Twin Pines Terrace,Duluth,Georgia,30096
581,Lisabeth,Mulqueen,07 Dennis Lane,Lexington,Kentucky,40576
582,Catlee,Heiss,0312 Eastlawn Hill,Wichita,Kansas,67236
583,Holt,Sarfatti,3856 Continental Trail,Saint Louis,Missouri,63158
584,Devlen,Seckington,56872 Katie Plaza,Lincoln,Nebraska,68505
585,Arvie,Wilcox,48762 Mandrake Park,Brooklyn,New York,11247
586,Eugine,Danilin,35476 Mosinee Avenue,Tulsa,Oklahoma,74156
587,Ethel,Duchateau,69309 Sachtjen Crossing,Spring Hill,Florida,34611
588,Hortensia,Doyland,2 Arkansas Place,Marietta,Georgia,30066
589,Eadie,Dowty,6 Victoria Junction,Youngstown,Ohio,44555
590,Nobie,Phillcox,14238 Buena Vista Terrace,Portland,Oregon,97229
591,Brander,Oxtiby,258 Manufacturers Lane,Lees Summit,Missouri,64082
592,Merv,Olver,956 Rigney Street,Louisville,Kentucky,40225
593,Waylan,Sewards,242 Waubesa Drive,Phoenix,Arizona,85020
594,Poul,Lissandri,78 Sunnyside Court,New Haven,Connecticut,06520
595,Ethelin,Coggings,32684 Commercial Circle,Green Bay,Wisconsin,54305
596,Winthrop,Choat,1723 Monument Junction,Lubbock,Texas,79491
597,Court,Ohrt,13897 Westport Plaza,Seattle,Washington,98148
598,Hedwig,Glossop,937 Loftsgordon Place,Reading,Pennsylvania,19610
599,Taddeusz,Keedwell,97516 Vidon Avenue,Montgomery,Alabama,36109
600,Amalie,Daniells,24 Eggendart Junction,Sacramento,California,94286
601,Noell,Eliez,4 Morning Terrace,Boston,Massachusetts,02298
602,Bradly,Costello,58819 Loeprich Terrace,Huntsville,Alabama,35805
603,Viviana,Stanmore,30063 Hazelcrest Park,Mesa,Arizona,85210
604,Wandis,Stetlye,0 Mitchell Circle,Corpus Christi,Texas,78410
605,Marthena,Bruckenthal,0155 Tomscot Center,Lancaster,Pennsylvania,17605
606,Geno,Cullagh,824 Meadow Ridge Alley,Detroit,Michigan,48232
607,Lorraine,Paylie,320 Old Shore Court,Amarillo,Texas,79159
608,Bathsheba,Betts,0 Eagan Parkway,Kansas City,Missouri,64142
609,Corine,O'Fogerty,73 Packers Place,Cincinnati,Ohio,45243
610,Cissy,Habbert,01 Darwin Park,Fairfield,Connecticut,06825
611,Paton,McElvogue,9960 Dixon Hill,Fort Wayne,Indiana,46825
612,Janifer,Du Plantier,9 Service Parkway,Vancouver,Washington,98664
613,Ranice,Dockwray,9256 Cordelia Way,Macon,Georgia,31296
614,Cooper,Hew,53401 Jenna Street,Erie,Pennsylvania,16522
615,Kinnie,Higgan,5 Debra Park,Scottsdale,Arizona,85255
616,Rinaldo,Jouannin,807 Shasta Trail,Manchester,New Hampshire,03105
617,Monro,Lafond,44 3rd Center,Oklahoma City,Oklahoma,73197
618,Daron,Nellis,54150 Porter Circle,Phoenix,Arizona,85067
619,Antonie,Rasp,75 Grover Way,Austin,Texas,78783
620,Sherrie,Colliber,364 Monument Road,Atlanta,Georgia,30301
621,Joya,Kiss,539 Mockingbird Pass,Brooklyn,New York,11254
622,Kalle,Asmus,055 Blaine Street,Houston,Texas,77095
623,Cathrin,McCambrois,22960 Hansons Center,San Diego,California,92132
624,Carrol,Ridolfo,15895 Menomonie Parkway,Southfield,Michigan,48076
625,Gratia,Streatley,16 Dawn Terrace,San Antonio,Texas,78278
626,Towny,Kohnert,87 Coleman Pass,Aiken,South Carolina,29805
627,Anya,Sclater,3 Kings Park,Las Vegas,Nevada,89160
628,Candy,Kaser,1 Cottonwood Way,Akron,Ohio,44305
629,Tiertza,Rosenfrucht,9 Dexter Terrace,Wichita,Kansas,67236
630,Rudiger,Youde,993 Brentwood Trail,San Diego,California,92153
631,Tammy,Chainey,1558 Mockingbird Way,Laurel,Maryland,20709
632,Bettina,Sponton,89 Dryden Avenue,Conroe,Texas,77305
633,Francesca,Docksey,0 Forest Run Place,Albuquerque,New Mexico,87190
634,Ulrich,Oxenbury,3678 Waxwing Alley,Albuquerque,New Mexico,87105
635,Venita,Perfili,950 Raven Hill,Akron,Ohio,44329
636,Daffy,O' Flaherty,0561 Arizona Alley,Norman,Oklahoma,73071
637,Raynell,Bulch,6484 Fieldstone Pass,Irvine,California,92710
638,Raychel,Golbourn,5878 Logan Parkway,Amarillo,Texas,79118
639,Alessandra,Carlsson,122 Trailsway Street,Midland,Michigan,48670
640,Dael,Records,6410 Thompson Court,Cleveland,Ohio,44130
641,Cynthia,Dislee,31290 Troy Avenue,Memphis,Tennessee,38114
642,Donovan,Pulford,285 Fair Oaks Place,Oklahoma City,Oklahoma,73147
643,Sonny,MacPharlain,77611 Waubesa Hill,Denver,Colorado,80270
644,Issy,Cleere,62818 Mallard Crossing,Atlanta,Georgia,30306
645,Valenka,Gencke,690 Aberg Trail,Concord,California,94522
646,Colby,Rainon,4 Jenna Lane,Chicago,Illinois,60681
647,Ida,Rikard,3 Prairie Rose Street,Saint Paul,Minnesota,55166
648,Martica,Elsey,5335 Mallory Lane,Hampton,Virginia,23663
649,Carmon,Romayne,54 Hooker Street,Corpus Christi,Texas,78415
650,Cornela,Twyford,1 Express Plaza,Portland,Oregon,97211
651,Berke,Skipperbottom,535 Superior Avenue,San Diego,California,92110
652,Legra,Sutlieff,19 Springview Road,Shreveport,Louisiana,71105
653,Diego,Wilde,7 Walton Circle,Mountain View,California,94042
654,Torey,Wellsman,5 Hauk Pass,Dayton,Ohio,45419
655,Kenny,Lints,12 Hayes Plaza,Greensboro,North Carolina,27409
656,Aeriell,Meineck,41 Cordelia Trail,Saint Petersburg,Florida,33737
657,Ernest,Kinzel,6863 Amoth Plaza,Albuquerque,New Mexico,87195
658,Linnet,Kersaw,21760 Mallory Center,Jamaica,New York,11436
659,Ermina,Smerdon,42 Express Terrace,Alpharetta,Georgia,30022
660,Martha,Garfath,023 Maple Trail,Seattle,Washington,98148
661,Adam,Willman,52 Ohio Junction,Columbus,Mississippi,39705
662,Bobbie,Veart,50039 Bashford Street,Los Angeles,California,90189
663,Cookie,Selvey,046 Debra Center,Norman,Oklahoma,73071
664,Gerick,Cecely,89229 Golf View Street,Salt Lake City,Utah,84152
665,Ginnifer,Dillway,420 Judy Plaza,San Jose,California,95113
666,Norbie,Barnish,27 Huxley Place,New Hyde Park,New York,11044
667,Kathryne,Crilley,90785 Eastwood Plaza,San Bernardino,California,92405
668,D'arcy,Di Biaggi,162 Manufacturers Place,Washington,District of Columbia,20244
669,Helenelizabeth,Chamney,0195 Vahlen Plaza,Young America,Minnesota,55573
670,Becki,Kinnie,474 Gulseth Drive,Reno,Nevada,89519
671,William,Dillintone,28 Packers Junction,Austin,Texas,78703
672,Nicole,Eades,9 Badeau Terrace,Tacoma,Washington,98442
673,Samara,Smurthwaite,841 Bayside Terrace,Tampa,Florida,33673
674,Emilie,Elcombe,9 Jenifer Hill,Colorado Springs,Colorado,80915
675,Lyndy,Bickerdicke,39 Trailsway Lane,Charlotte,North Carolina,28242
676,Gabriela,Oleksinski,5 Briar Crest Alley,Washington,District of Columbia,20430
677,Andie,Jozef,947 Buell Plaza,Washington,District of Columbia,20244
678,Aleksandr,Joist,70 Buena Vista Avenue,Harrisburg,Pennsylvania,17121
679,Caresse,Brinklow,7482 Darwin Alley,Las Vegas,Nevada,89160
680,Irita,McRoberts,3591 Mandrake Circle,San Diego,California,92165
681,Ondrea,Fulton,2 Hayes Circle,Merrifield,Virginia,22119
682,Calla,Ciccotti,98403 Helena Center,Salt Lake City,Utah,84110
683,Vilma,Ishchenko,26385 Annamark Way,Reading,Pennsylvania,19610
684,Lucais,Jorczyk,918 American Avenue,Richmond,Virginia,23289
685,Shell,Harlick,5498 Mcbride Terrace,Houston,Texas,77228
686,Ricca,Sander,4617 Division Place,Los Angeles,California,90055
687,Joe,O'Doherty,88008 Rusk Way,Atlanta,Georgia,30386
688,Bernelle,McGilroy,4 Delaware Alley,Saint Louis,Missouri,63150
689,Tamma,Housbey,89114 Jenna Trail,Louisville,Kentucky,40256
690,Nerissa,Mahady,3 Declaration Court,Washington,District of Columbia,20088
691,Darcey,Vispo,43 Maple Point,Springfield,Illinois,62756
692,Blondy,Claricoats,209 Lakeland Parkway,Cleveland,Ohio,44177
693,Doreen,Klimecki,19219 Quincy Hill,New Orleans,Louisiana,70179
694,Sula,Burless,0596 Westport Way,Newark,New Jersey,07112
695,Tiff,Basezzi,53683 Lakewood Gardens Place,Newark,New Jersey,07195
696,Margret,Grog,3474 Sachs Terrace,Baltimore,Maryland,21216
697,Karmen,Mitchley,7811 Londonderry Lane,Albany,Georgia,31704
698,Bernete,Binning,31602 Toban Avenue,Detroit,Michigan,48211
699,Ophelie,Darrell,48 Elka Drive,Saint Louis,Missouri,63158
700,Dorrie,Balcers,0 Pepper Wood Crossing,Pompano Beach,Florida,33064
701,Agosto,Casburn,774 Nancy Terrace,Reno,Nevada,89505
702,Phebe,Heephy,80 Moland Road,Salt Lake City,Utah,84120
703,Lilly,Fitton,33501 Fulton Alley,Charleston,West Virginia,25389
704,Niels,Trudgion,5233 Kensington Place,Jacksonville,Florida,32244
705,Joya,Bakewell,0592 Nancy Way,Tuscaloosa,Alabama,35487
706,Osmund,Zapatero,507 School Avenue,Lincoln,Nebraska,68531
707,Christos,Tomblings,3567 Grayhawk Way,Dearborn,Michigan,48126
708,Jobye,Lambert-Ciorwyn,5221 Cordelia Way,Boca Raton,Florida,33487
709,Duffie,Paunton,94 Pine View Junction,Montgomery,Alabama,36125
710,Jessie,Allawy,040 Southridge Road,Lansing,Michigan,48930
711,Omar,Cordeiro,292 Jackson Alley,Staten Island,New York,10305
712,Anita,Pickett,548 Monterey Pass,Garland,Texas,75044
713,Quintin,Mumberson,82 Sullivan Lane,Tyler,Texas,75799
714,Katerine,Ruddlesden,1 Barnett Alley,Charlotte,North Carolina,28299
715,Ezri,Gantzman,63 Ryan Trail,Huntington Beach,California,92648
716,Kynthia,Janisson,343 Hooker Circle,Dallas,Texas,75236
717,Walton,Breche,39836 5th Lane,Bonita Springs,Florida,34135
718,Kort,Farloe,835 Lunder Junction,South Bend,Indiana,46620
719,Esdras,Colum,314 Charing Cross Trail,Dallas,Texas,75216
720,Rodi,Dreng,85163 North Street,Newark,New Jersey,07104
721,Celinka,Duinbleton,279 Luster Avenue,Clearwater,Florida,34629
722,Sheeree,Cummins,29 Meadow Valley Parkway,Trenton,New Jersey,08619
723,Jessika,Bernardi,5304 Goodland Hill,El Paso,Texas,79989
724,Mortimer,Itscowics,2 Declaration Parkway,Danbury,Connecticut,06816
725,Cacilia,Gutch,05527 Lakewood Court,Mobile,Alabama,36610
726,Hillel,Peagrim,69 Rusk Pass,Houston,Texas,77040
727,Gavrielle,Barrington,123 Caliangt Park,Washington,District of Columbia,20220
728,Leda,Griffe,113 Calypso Crossing,Jacksonville,Florida,32244
729,Hallsy,Mincher,18129 Debra Way,Green Bay,Wisconsin,54313
730,Oberon,Taylo,61051 Kropf Alley,Pasadena,California,91186
731,Arie,Eatherton,9753 Sugar Circle,Cleveland,Ohio,44125
732,Shurlocke,Jindra,79186 Mcbride Parkway,Corpus Christi,Texas,78410
733,Amberly,Richichi,15 Cottonwood Junction,Atlanta,Georgia,31190
734,Mace,Hillburn,10977 Ryan Circle,Columbus,Ohio,43284
735,Linn,Shurmer,54 Columbus Alley,New York City,New York,10184
736,Trevar,Crottagh,1477 Kensington Junction,Birmingham,Alabama,35244
737,Leigh,Aloshkin,576 Lillian Parkway,Valley Forge,Pennsylvania,19495
738,Nariko,Wadie,03 Welch Trail,Seattle,Washington,98148
739,Brocky,Ast,1426 Southridge Hill,New York City,New York,10105
740,Rog,Corringham,4483 Merry Street,Oakland,California,94605
741,Larina,Croci,192 Ridge Oak Alley,Berkeley,California,94705
742,Hort,Dixcey,7 Glendale Place,Oklahoma City,Oklahoma,73197
743,Nathanial,Labuschagne,1 Oriole Court,Joliet,Illinois,60435
744,Barron,Cornish,4811 Algoma Trail,Fort Wayne,Indiana,46805
745,Abigael,Janssen,74968 Hanson Parkway,San Jose,California,95155
746,Karry,McAllester,1 Huxley Street,Saginaw,Michigan,48609
747,Ivor,Illidge,215 Red Cloud Crossing,Newton,Massachusetts,02162
748,Zaccaria,Filyashin,599 Eggendart Junction,Rochester,New York,14619
749,Donnell,Banfill,61673 Prentice Point,Round Rock,Texas,78682
750,Nanette,Santostefano.,5103 Iowa Center,Sacramento,California,95833
751,Maud,Alliot,89 Walton Way,Sunnyvale,California,94089
752,Dunn,Pickthall,813 Sage Trail,Peoria,Illinois,61614
753,Cathlene,Galier,17599 Vahlen Hill,Lehigh Acres,Florida,33972
754,Rudolph,Schultheiss,2911 Lake View Court,Macon,Georgia,31210
755,Catlin,Keizman,44 South Court,Richmond,Virginia,23237
756,Cece,Latty,6427 Lindbergh Plaza,Pittsburgh,Pennsylvania,15220
757,Henry,Carthy,71 Mariners Cove Terrace,Santa Barbara,California,93150
758,Maddie,Rotge,549 Shoshone Pass,Fargo,North Dakota,58122
759,Templeton,Bachmann,294 Oxford Avenue,Norfolk,Virginia,23514
760,Meghan,Mingaud,6578 Russell Plaza,New York City,New York,10280
761,Shirleen,Tales,0 Fairfield Hill,Anaheim,California,92825
762,Kort,Atkin,42 Farwell Trail,Birmingham,Alabama,35236
763,Katherine,MacKee,6 Laurel Crossing,Jersey City,New Jersey,07310
764,Dougy,Yearn,9 Manley Hill,Van Nuys,California,91499
765,Hadleigh,Yoxen,542 Toban Place,Lincoln,Nebraska,68583
766,Violante,Strethill,1 Transport Crossing,Chandler,Arizona,85246
767,Sarine,Fransemai,9 Washington Lane,San Diego,California,92153
768,Mora,Brunon,567 La Follette Plaza,Sioux Falls,South Dakota,57110
769,Guthry,Fletham,76976 Kennedy Hill,Arlington,Virginia,22244
770,Marsha,Point,08942 Badeau Junction,Buffalo,New York,14225
771,Rhonda,Annice,404 Miller Street,Albany,New York,12262
772,Baird,Jervoise,697 Westend Hill,Portland,Oregon,97216
773,Odessa,Macallam,23033 Steensland Circle,Portland,Oregon,97216
774,Flossi,Males,91 Cascade Parkway,Washington,District of Columbia,20470
775,Annabela,Lautie,4 Comanche Road,Portland,Oregon,97240
776,Simeon,Dolle,62832 Dexter Plaza,Columbia,Missouri,65218
777,Lorry,Theriot,7 John Wall Crossing,Honolulu,Hawaii,96825
778,Wain,Varndall,5 Michigan Place,Orange,California,92862
779,Geno,Nolot,12104 Roth Trail,Phoenix,Arizona,85072
780,Lauren,Cracker,1107 Waubesa Parkway,Chicago,Illinois,60686
781,Devora,Moberley,3 Loeprich Road,Kansas City,Missouri,64199
782,Mable,Jakobssen,32 Valley Edge Road,Jacksonville,Florida,32255
783,Hunter,Kerrigan,03 Forest Run Hill,Atlanta,Georgia,30316
784,Ruben,Gauntley,10600 Hoffman Point,Shawnee Mission,Kansas,66276
785,Boote,Giorio,8 Amoth Terrace,Littleton,Colorado,80127
786,Addia,Locarno,3597 Kedzie Park,Saint Louis,Missouri,63169
787,Reginald,Derricoat,543 Carey Circle,El Paso,Texas,79984
788,Olenka,Cottisford,07290 Duke Center,Jacksonville,Florida,32255
789,Stavro,Strettle,9836 Stang Trail,Duluth,Minnesota,55805
790,Ravid,Roose,1 Homewood Junction,Albuquerque,New Mexico,87115
791,Augustine,Dibner,8 Melby Avenue,Nashville,Tennessee,37245
792,Hally,Ardern,4601 Marquette Circle,Saint Louis,Missouri,63167
793,Fayette,Thibodeaux,48 Dottie Circle,San Francisco,California,94164
794,Gilberta,Crookston,86066 Maryland Center,Miami Beach,Florida,33141
795,Celie,Medcalfe,7 Jackson Point,New York City,New York,10165
796,Lenci,Jouhning,363 Schurz Circle,Shawnee Mission,Kansas,66210
797,Alyce,Tatum,13797 Forster Alley,Louisville,Kentucky,40280
798,Albertina,Growcock,835 Fieldstone Road,White Plains,New York,10606
799,Haleigh,Leyburn,05 Sunnyside Terrace,Waterbury,Connecticut,06705
800,Chrystel,Mahon,37139 Jenifer Place,Miami,Florida,33142
801,Nat,Penwell,53 Sheridan Alley,Cincinnati,Ohio,45203
802,Terence,Sweeting,40584 Claremont Pass,Providence,Rhode Island,02912
803,Barrie,Snasdell,716 West Trail,Tulsa,Oklahoma,74108
804,Cinda,Blue,52832 Homewood Road,Winter Haven,Florida,33884
805,Lyn,Scutchings,0950 Park Meadow Avenue,San Diego,California,92176
806,Gertrudis,Karpushkin,267 Eastwood Terrace,Albany,New York,12237
807,Harli,Aylott,112 Ridgeview Way,Jamaica,New York,11447
808,Cordi,MacCarrick,58258 Everett Pass,Birmingham,Alabama,35244
809,Leigh,Osbaldstone,11189 Kinsman Junction,Springfield,Missouri,65810
810,Pearle,Frigot,60 Prairie Rose Trail,Baltimore,Maryland,21229
811,Ethelbert,Linney,73 Banding Avenue,Jamaica,New York,11499
812,Garry,Chipman,3 Dapin Place,Houston,Texas,77030
813,Umeko,Mattsson,842 Erie Place,Jacksonville,Florida,32236
814,Felisha,Daintry,277 Melrose Road,Houston,Texas,77218
815,Cherie,Assiratti,98 Vermont Avenue,El Paso,Texas,88541
816,Ximenez,Vasyuchov,52170 Red Cloud Junction,San Antonio,Texas,78215
817,Selina,Milby,17 Pearson Avenue,Sacramento,California,94263
818,Dunc,Stobbes,8102 Northwestern Way,Alexandria,Louisiana,71307
819,Merilyn,Rubi,76671 Beilfuss Parkway,Saint Cloud,Minnesota,56398
820,Harmonie,Standring,0 Caliangt Drive,Atlanta,Georgia,30336
821,Monika,Ridgway,17 Center Street,Sacramento,California,94207
822,Benjamin,Dunstan,9 Messerschmidt Plaza,Sacramento,California,94297
823,Arlina,Zavattero,43 Bluejay Point,Springfield,Ohio,45505
824,Debor,Scanlan,752 New Castle Point,Johnstown,Pennsylvania,15906
825,Bax,Ranald,20 Express Court,Anchorage,Alaska,99512
826,Margot,Files,2 Del Mar Way,Los Angeles,California,90081
827,Sabina,Geertsen,235 High Crossing Drive,Oklahoma City,Oklahoma,73114
828,Janith,Barkley,952 Dakota Terrace,New York City,New York,10165
829,Tabby,Devlin,72 Mayer Terrace,San Antonio,Texas,78215
830,Ivette,Easun,2 Declaration Center,Newton,Massachusetts,02458
831,Roddie,Alessandrucci,02965 Rutledge Place,Sacramento,California,94280
832,Oran,Coulman,10 Sherman Center,Anniston,Alabama,36205
833,Herby,Lifsey,142 West Hill,Sunnyvale,California,94089
834,Morgana,Yantsurev,9 Farmco Junction,New Orleans,Louisiana,70129
835,Sebastien,Leask,15 Rieder Circle,Pittsburgh,Pennsylvania,15235
836,Lewie,Caslin,30521 Fremont Street,Fort Myers,Florida,33906
837,Amye,Stallan,65185 Weeping Birch Lane,Odessa,Texas,79769
838,Marni,Kellett,05 Dayton Alley,Austin,Texas,78715
839,Nikolos,Menary,03 Messerschmidt Point,Indianapolis,Indiana,46295
840,Cassi,Dabernott,1051 Elka Lane,Saint Louis,Missouri,63131
841,Anstice,Piesing,406 Ludington Pass,Grand Rapids,Michigan,49510
842,Kathlin,Landell,07 Russell Junction,Washington,District of Columbia,20226
843,Arluene,Bett,51 Bobwhite Place,Fresno,California,93726
844,Abagail,Quilkin,01 Truax Lane,Sandy,Utah,84093
845,Karlik,Cazalet,172 Sullivan Terrace,Cincinnati,Ohio,45271
846,Yettie,Liley,453 Corscot Avenue,Jamaica,New York,11470
847,Jedidiah,Hinks,95 2nd Point,New Brunswick,New Jersey,08922
848,Bethena,Etchells,5150 Monica Point,Lubbock,Texas,79405
849,Iolanthe,Carnew,77 Carpenter Center,Oklahoma City,Oklahoma,73152
850,Vitia,Bernardeschi,087 Kennedy Alley,Dallas,Texas,75216
851,Janey,Cutress,08 Weeping Birch Plaza,Springfield,Virginia,22156
852,Cris,Klimpke,9 Hermina Circle,Palmdale,California,93591
853,Abel,McGruar,6636 Nancy Drive,Lancaster,Pennsylvania,17622
854,Briant,Parzizek,342 Transport Hill,Reno,Nevada,89550
855,Lorettalorna,Droghan,08 Burrows Pass,San Antonio,Texas,78205
856,Glenn,Eastment,57 Buena Vista Circle,Fargo,North Dakota,58122
857,Baldwin,Dorking,7 Village Lane,Atlanta,Georgia,30340
858,Care,Mendoza,48 Steensland Crossing,Winston Salem,North Carolina,27157
859,Ann,Gatecliffe,4 Portage Plaza,Washington,District of Columbia,20005
860,Nevsa,Wanless,864 Arapahoe Road,Burbank,California,91520
861,Moyra,Kingswold,80 Morningstar Pass,Honolulu,Hawaii,96810
862,Isador,Upchurch,836 David Park,Phoenix,Arizona,85045
863,Durand,Hutable,03 Memorial Alley,Santa Ana,California,92705
864,Doroteya,Witcombe,3357 Warbler Parkway,Saint Paul,Minnesota,55123
865,Emlen,Fassman,58 Sutherland Parkway,Saint Joseph,Missouri,64504
866,Henderson,Oak,81 South Parkway,Schenectady,New York,12325
867,Nickola,Halvorsen,492 Rutledge Center,Shreveport,Louisiana,71166
868,Lorelle,Benallack,8867 Annamark Point,Dallas,Texas,75205
869,Neila,Toohey,466 Shopko Drive,Charleston,West Virginia,25389
870,Birgit,McTurlough,147 Mockingbird Place,Jefferson City,Missouri,65110
871,Aguie,Waye,50 Springview Way,Johnson City,Tennessee,37605
872,Lou,Pegram,9865 Mcguire Alley,Meridian,Mississippi,39305
873,Henrietta,Graalman,32654 Linden Court,New Haven,Connecticut,06533
874,Riane,Werndley,92562 Mayfield Drive,Lafayette,Louisiana,70505
875,Clayton,Le Jean,431 Norway Maple Way,Boston,Massachusetts,02114
876,Malinda,Thorald,33260 Waxwing Trail,Akron,Ohio,44393
877,Shawna,Quadri,69123 Granby Circle,Boca Raton,Florida,33432
878,Tiff,Roxburgh,5 Vahlen Pass,Indianapolis,Indiana,46226
879,Marianne,Pendre,02489 Welch Circle,Cleveland,Ohio,44177
880,Leoine,Conman,85 Green Ridge Parkway,Los Angeles,California,90101
881,Bernie,Baalham,7 Kensington Plaza,Lexington,Kentucky,40591
882,Luce,Glasspoole,13 Holy Cross Way,Philadelphia,Pennsylvania,19120
883,Elisha,Dilland,0820 Bay Plaza,Topeka,Kansas,66667
884,Moll,Droogan,2 Chive Park,Tacoma,Washington,98411
885,Devora,Aimer,60429 Hooker Park,Chesapeake,Virginia,23324
886,Salvidor,Dillet,57 Loeprich Road,El Paso,Texas,88546
887,Wash,Buttrick,45 Riverside Place,Alexandria,Virginia,22301
888,Carmelita,Docherty,53 Basil Alley,Decatur,Georgia,30033
889,Corine,Kirrage,0 Northview Crossing,Stockton,California,95210
890,Valaree,Ankers,80 Harper Parkway,Charlotte,North Carolina,28284
891,Llewellyn,Sommer,53 Hagan Pass,Charlotte,North Carolina,28299
892,Gwynne,Conws,9974 Mcguire Street,Wilmington,Delaware,19892
893,Dallas,Tidder,6 Melrose Alley,Las Vegas,Nevada,89125
894,Juanita,Matskiv,80 Village Green Plaza,Tacoma,Washington,98481
895,Doe,Arnaudet,87200 Independence Terrace,Pittsburgh,Pennsylvania,15235
896,Sibelle,Leeuwerink,56274 Pleasure Street,Knoxville,Tennessee,37939
897,Tova,Billie,601 Messerschmidt Trail,Houston,Texas,77218
898,Hedwiga,Yurikov,4 Forest Run Trail,Denver,Colorado,80299
899,Trina,Codeman,1 Ryan Center,Washington,District of Columbia,20231
900,Standford,MacKaig,683 Hudson Terrace,Levittown,Pennsylvania,19058
901,John,Pabelik,83 Westport Center,Charlotte,North Carolina,28284
902,Cheston,Brewitt,0410 Esker Pass,Tacoma,Washington,98481
903,Bary,Realph,0 Lukken Lane,Reno,Nevada,89519
904,Roda,Poetz,47 Milwaukee Hill,Baton Rouge,Louisiana,70820
905,Tulley,Braben,0244 Orin Road,Stockton,California,95210
906,Ryon,Luchetti,49 Eggendart Center,Topeka,Kansas,66629
907,Arthur,Woltman,0992 Londonderry Junction,Ridgely,Maryland,21684
908,Malcolm,Woodberry,59570 Dawn Point,Saint Petersburg,Florida,33715
909,Pierre,Flaonier,76085 Scoville Street,Milwaukee,Wisconsin,53234
910,Price,Berringer,947 Toban Trail,Phoenix,Arizona,85062
911,Edna,Rankcom,9 Springview Center,Jacksonville,Florida,32220
912,Maris,Fakes,0723 Jenna Road,Ocala,Florida,34479
913,Brandon,Aldwinckle,0 Mariners Cove Point,Saint Petersburg,Florida,33731
914,Aleksandr,McDougle,6351 Hanover Plaza,Columbus,Ohio,43215
915,Cherry,Davidge,76042 Rieder Plaza,York,Pennsylvania,17405
916,Cathleen,Ridge,049 Dorton Terrace,Murfreesboro,Tennessee,37131
917,Duke,Ditchfield,419 Larry Way,Colorado Springs,Colorado,80951
918,Allyson,Yashaev,7 Chinook Place,Charlotte,North Carolina,28242
919,Michal,Everit,58972 Mifflin Point,Pittsburgh,Pennsylvania,15286
920,Mary,Dunkersley,52103 Westridge Pass,Dallas,Texas,75231
921,Danita,Dowtry,836 Loeprich Lane,El Paso,Texas,79968
922,Marve,MacAllister,1879 Barnett Junction,Schenectady,New York,12305
923,Marilee,Bonner,452 Helena Way,Kansas City,Missouri,64101
924,Dael,Honisch,91322 Blue Bill Park Terrace,Bonita Springs,Florida,34135
925,Hailee,Ranscombe,63173 Springview Way,Youngstown,Ohio,44505
926,Madelina,Burkin,1605 Onsgard Hill,Denver,Colorado,80262
927,Davida,Hartrick,974 John Wall Parkway,Cleveland,Ohio,44185
928,Creighton,Henworth,252 Linden Park,Houston,Texas,77055
929,Meredith,Gudyer,0 Holy Cross Lane,New York City,New York,10060
930,Aron,Nangle,7483 Oneill Avenue,Milwaukee,Wisconsin,53205
931,Abbie,Etoile,49 Algoma Point,Laredo,Texas,78044
932,Lenka,LeEstut,696 Bluejay Court,Charleston,West Virginia,25313
933,Timothee,Oakenfield,761 Village Hill,New York City,New York,10034
934,L;urette,Peris,43 Melrose Park,Philadelphia,Pennsylvania,19104
935,Flo,Lowings,76030 Cascade Pass,Phoenix,Arizona,85045
936,Carlie,Sparshett,73270 Sunbrook Avenue,Newark,New Jersey,07112
937,Bowie,Lemery,04438 Forster Parkway,Troy,Michigan,48098
938,Payton,Dopson,6 Judy Hill,West Palm Beach,Florida,33405
939,Becki,Doncaster,3897 Maryland Lane,Des Moines,Iowa,50981
940,Bartholomeo,Butteris,11 Morrow Trail,New York City,New York,10175
941,Marv,Mayward,1 Drewry Crossing,Columbus,Ohio,43220
942,Felike,Goodby,9663 Union Circle,Cincinnati,Ohio,45243
943,Ulberto,McFade,6 Luster Road,Glendale,Arizona,85311
944,Nickey,McNiven,31945 Browning Court,Washington,District of Columbia,20414
945,Kerwin,Benian,50687 Mesta Circle,Louisville,Kentucky,40250
946,Angy,Tebbett,45589 Nancy Way,San Antonio,Texas,78245
947,Blaire,Assante,6 Huxley Court,Tulsa,Oklahoma,74116
948,Rosette,Keough,7 Tomscot Junction,Long Beach,California,90831
949,Danyelle,Spriddle,21 Commercial Pass,Boca Raton,Florida,33487
950,Arly,Thormann,08606 Ridgeway Plaza,Anaheim,California,92812
951,Domenico,Brackley,24 Prairie Rose Point,Boston,Massachusetts,02119
952,Ki,Oloman,11043 Continental Road,Louisville,Kentucky,40205
953,Buddie,Stopher,7837 Express Avenue,New York City,New York,10275
954,Britney,Rosita,7220 Donald Pass,Fresno,California,93726
955,Wanda,Crilly,70 Hudson Street,Colorado Springs,Colorado,80935
956,Aleece,Mertin,52 Goodland Junction,Macon,Georgia,31210
957,Paddy,Bosma,7 Lukken Hill,Lexington,Kentucky,40581
958,Westleigh,Wanka,7 Hoffman Court,Atlanta,Georgia,30375
959,Heddi,Quilkin,30 Iowa Court,Sterling,Virginia,20167
960,Mabel,Brunstan,42493 La Follette Lane,Saint Paul,Minnesota,55114
961,Burt,Feechan,21088 Arrowood Trail,Miami,Florida,33185
962,Tobye,Kiehne,8 Tomscot Place,Topeka,Kansas,66629
963,Emmye,Benezeit,91771 Ridgeway Plaza,Bradenton,Florida,34282
964,Jacky,Ebbens,4204 Grasskamp Parkway,San Antonio,Texas,78250
965,Gale,Lieb,7 Judy Drive,Durham,North Carolina,27717
966,Haskel,Sheehan,04075 Steensland Drive,Little Rock,Arkansas,72215
967,Ladonna,Charlesworth,70 Northridge Junction,Cleveland,Ohio,44185
968,Trisha,Starie,44190 Lake View Lane,Montgomery,Alabama,36114
969,Alick,Callister,281 Cordelia Trail,Palatine,Illinois,60078
970,Tynan,Ickovic,54 Iowa Avenue,Pueblo,Colorado,81015
971,Gibby,Grevile,57 Schiller Plaza,Atlanta,Georgia,30356
972,Theresa,Klimushev,2 Declaration Court,Stockton,California,95210
973,Ilyssa,Lynnett,4302 Dovetail Terrace,Washington,District of Columbia,20310
974,Marylynne,Faro,16479 Fremont Road,Houston,Texas,77030
975,Omero,Budd,6520 Hermina Alley,Seattle,Washington,98115
976,Carlyn,Rey,75 Quincy Pass,Columbus,Ohio,43220
977,Janetta,O'Hearn,46 3rd Drive,Baton Rouge,Louisiana,70836
978,Zilvia,Bru,84751 Harbort Parkway,Vienna,Virginia,22184
979,Vitia,Rosenkrantz,7 Elmside Center,Bakersfield,California,93381
980,Alys,Woodroof,3777 Lake View Center,Harrisburg,Pennsylvania,17126
981,Judd,Livezley,000 Helena Terrace,Warren,Ohio,44485
982,Dosi,Dovidaitis,74 Linden Point,Boise,Idaho,83727
983,Ludwig,Huxstep,41880 Hoepker Park,Washington,District of Columbia,20540
984,Lyle,Blonfield,3613 Kim Point,El Paso,Texas,88563
985,Trever,Jiracek,8762 Oak Road,El Paso,Texas,88584
986,Tom,Wilcher,13 Brickson Park Street,Springfield,Illinois,62723
987,Conroy,Albasini,8 Cardinal Drive,North Las Vegas,Nevada,89087
988,Clim,Castleton,575 Birchwood Way,Fort Lauderdale,Florida,33310
989,Mitchell,Toleman,8622 Almo Pass,Washington,District of Columbia,20205
990,Barb,Crate,6 Northridge Pass,Evanston,Illinois,60208
991,Adina,Riccardini,03 Jackson Plaza,Philadelphia,Pennsylvania,19131
992,Joly,Muncie,777 Farragut Road,Vero Beach,Florida,32964
993,Amata,Brickdale,1921 Autumn Leaf Pass,Wilkes Barre,Pennsylvania,18763
994,Dre,Humphery,03129 Westend Terrace,San Diego,California,92186
995,Rosina,Bursnell,23 Lerdahl Place,Green Bay,Wisconsin,54313
996,Ivory,Sreenan,25 Spohn Center,Duluth,Georgia,30195
997,Alfred,Godar,1997 Nobel Pass,Lexington,Kentucky,40586
998,Leta,Rackley,637 Express Trail,Raleigh,North Carolina,27605
999,Gabey,Linnit,96 Steensland Alley,Staten Island,New York,10305
1000,Oliviero,Shurmer,4916 Eastlawn Hill,Burbank,California,91505
